acts,delivery,bring them to me,delivered,deliver
acts,sender,sent,sending,send
acts,attend
acts,black
acts,grey
acts,involved
acts,buy,want,purchasing,buying,purchase,buy
acts,indigo
acts,organize
acts,see
acts,like
acts,used
acts,small
acts,violet
acts,partake
acts,plans
acts,material
acts,sign up
acts,colors,brown,indigo,violet,orange,silver,grey,white,purple,yellow,green,red,black,blue
acts,train
acts,enroll
acts,size,extra large,large,medium,small
acts,sells,sell,getting rid of,pawning,selling
acts,large
acts,price
acts,set up
acts,continue
acts,done
acts,watch,watching
acts,go
acts,yellow
acts,extra large
acts,red
acts,throw
acts,products
acts,want
acts,gold
acts,send,mailed,sent out,sent,sending
acts,skip
acts,plan
acts,orange
acts,have a
acts,setup
acts,blue
acts,silver
acts,medium
acts,play,playing
acts,green
acts,pickup,grab them myself,grabbing them,picking them up,pick them up,pick up
acts,receive,received,receiving
acts,compare,product,rating,prices,pices,distance,ratings,materials,price,location,products
acts,new
acts,arrived
acts,get
acts,start
acts,reciever,received,receive,receiving,recieve
acts,order
acts,repairs,fixes,fixing,repairing,fix,repair
acts,location
acts,prepare
acts,purple
acts,parts
acts,need
acts,help
automotive,car crash
automotive,a Chrysler,Chrysler
automotive,egr valve
automotive,engine,12 cylinder,v12,v10,v8,v6,v4,v2,4 cylinder,2 cyclinder,motor
automotive,speedometer
automotive,coolant leak
automotive,to locate a car shop,car shop
automotive,check engine light
automotive,audio
automotive,wiring
automotive,a Kia,kia
automotive,catalytic converter
automotive,oil pressure switch
automotive,axle
automotive,a Porsche,porsche
automotive,car oil
automotive,stuck in neutral
automotive,a Holden,holden
automotive,tires
automotive,wheel stud
automotive,heater hoses
automotive,smog pump
automotive,broken locking mechanism
automotive,electrical/lighting
automotive,a Dodge,Dodge
automotive,a GMC,Gmc,General Motor Company
automotive,antifreeze
automotive,door lock actuator
automotive,flasher
automotive,exhaust manifold gasket
automotive,a freight truck,freight truck
automotive,a/c
automotive,gasket
automotive,speed sensor
automotive,screws
automotive,turn signal bulb
automotive,a Toyota,Toyota
automotive,brake drum
automotive,alternator
automotive,dome lights
automotive,a Honda,Honda
automotive,harness
automotive,brake lights
automotive,flywheel
automotive,oil change
automotive,a Land Rover,Land rover
automotive,brake shoes
automotive,power steering fluid
automotive,turtle wax
automotive,tie rod
automotive,a rental vehicle,rent a moving van,rental moving truck,rental freight truck,rental semi truck,rental motorcycle,rent a vehicle,rent a trailer,rent a truck,rent a car,rental vehicle,rental truck,rental car,trailer rental,truck rental,car rental
automotive,mode
automotive,broken radiator
automotive,a BMW,BMW
automotive,body damage
automotive,ignition coil
automotive,sticky pistons
automotive,mirror
automotive,fluid leak
automotive,coolant
automotive,solenoid switch
automotive,headlamp
automotive,a van,van
automotive,oxygen sensor
automotive,brake pads
automotive,resistor
automotive,smoking engine,smoking motor
automotive,sensor
automotive,camshaft position sensor
automotive,to get a grab,a grab near me,a grab
automotive,lighting sockets
automotive,headlights
automotive,some vehicle repairs/maintenance,hoses,pumps,pump,gaskets,gasket,sensor,speed sensor,camshaft position sensor,crankshaft position sensor,coolant temperature sensor,engine control computer,throttle position sensor,mass air flow sensor,idle air control valve,vacuum pump,smog pump,air pump,wheel shaft,leak,radiator,water pump,timing belt,cap,gas cap,coolant,chassis,exhaust,muffler,steering shaft,turning shaft,turn shaft,steering wheel,axle,tie rod,fuel injection problem,engine,engin,motor,auto repair,body repair,auto body repair,paint job,ignition switch,braking pads,braking discs,brake discs,brake lights,light bulbs,lights,flasher,motor oil,oil,gas,fluid,transmission,fuse,relay,old tiers,flat tire,ignition system,ignition,spark plugs,overheating,oil lieak,fuses,relays,wipers,motorcycle repair,truck repairs,car repairs,safety inspection,safety check,tune up,replace brakes,brake pads,leaking fuel line,leaking transmission,new engine,oil change,wheel change,tire change,new wipers,new wheels,truck repair,car repair,fix my vehicle,trailer repair,rv repair,i need to fix my car,fix my truck,fix my rv,fix my car,fix my trailer,vehicle repairs,car fixed,get my truck fixed,get me rv fixed,get my bike fixed,my motorcycle fixed,motorcycle repairs,broken drive shaft,broken transmission,stalling engine,broken relay,burnt out fuse,burnt out lights,transmission dropped,bent wheel shaft,car accident,new motor,new transmission,oil leak,fluid leak,brakes,tire alignment,wheel alignment,oil leaks,coolant leak,cracked radiator,overheating engine,cracked transmission,broken water pump,bad timing belt,battery,alternator,voltage regulator,battery terminal,brake shoes,brake caliper,master cylinder,wheel cylinder,brake rotor,brake drum,window lift motor,door handle,door lock actuator,mirror,headlight,tail light,lift support,bumper,cables,straps,bushings,door,headlamp,hood,grille,hood latch,knobs,levers,handles,lighting sockets,lamps,lamp assemblies,collision,seats,suspension,drivetrain,thermostat,resistor,radiator cap,hose,belt,ac heater blower motor,a/c compressor,cv axle,u joint,clutch slave cylinder,transmission filter,wheel nut,transmission control solenoid,clutch,transmission seal,wheel stud,transmission mount,clutch master cylinder,flywheel,speedometer,cruise control,oil pressure switch,audio,dome lights,circuit breakers,harnesses,sensors,sockets,oxygen sensor,catalytic converter,exhaust pipe,exhaust manifold,exhaust flange gasket,exhaust manifold gasket,canister vent valve solenoid,canister purge valve,pcv valve
automotive,transmission,manual,automatic,tranny
automotive,drivetrain
automotive,a Tesla,Tesla
automotive,a recreational vehicle,recreational vehicle,rv
automotive,pcv valve
automotive,sockets
automotive,ignition lock cylinder
automotive,make,belta,aygo,avensis,avanza,avalon,auris,aurion,alphard,allion,agya,4runner,sail,prisma,onix,lanos,lova,spin,tavera,tracker,trail blazer,silverado,tahoe,traverse,equinox,trax,city express,corvette,camaro,ss,malibu,volt,bolt,sonic,spark,envision,cascada,encore,verano,lacrosse,enclave,luverne,terraza,rainier,rendezvous,reatta,somerset,electra,regal,gsx,wildcat,century,skylark,riviera,roadmaster,derby,corrado,cc,phaeton,lupo,tiguan,sharan,touran,scirocco,arteon,jetta,golf,beetle,vento,polo,fox,ameo,go,up,ridgeline,odyssey,cr-v,insight,civic,fit,wrx,levorg,brz,exiga,trezia,tribeca,r1,r2,baja,traviq,forester,outback,impreza,vivio,liberty,legacy,vortex,alcyone,tutto,justy,estratto,columbuss,domingo,libero,sumo,terrain,acadia,envoy,yukon,typhoon,savana,vandura,canyon,syclone,sonoma,caballero,sprint,mark lt,zephyr,aviator,blackwood,grandeur,ix20,eon,lantra,avante,aslan,verna,accent,integra,legend,vigor,csx,tlx,rlx,rdx,nsx,mdx,ilx,cdx,thundercloud,gs f,is f,ct f,lx,gx,rx,lfa,lc,rc,sc,ls,gs,es,hs,is,ct,biante,premacy,laputa,cronos,keicar,mazdago,bt-50,bongo,cx-9,cx-8,cx-5,cx4,cx-4,cx-3,cx3,mx-5,atenza,mazda6,mazda3,axela,demio,mazda2,flair,scrum,carol,XC 90,F 150,F-150,F-250,F 250,Eco line,F-350,F 350,sierra,passat,xc 60,impala,charger,mustang,lesabre,park avenue,avalanche,freestyle,accord,elantra,adventra,apollo,astra,barina,belmont,berlina,brougham,business,calais,calibra,camira,caprice,captiva,colorado,combo,ranger,transit,expedition,explorer,edge,flex,kuga,ecosport,galaxy,s max,c max,b max,gt,taurus,fusion,focus,fiesta,yaris,wish,voxy,vitz,vios,verso,vellfire,vanguard,tundra,tank,tarago,tacoma,succeed,sparky,spade,sofia,sienna,sequoia,sai,rush,reiz,probox,prius,premio,prte,passo,noah,land cruiser,kuger,kingdom,isis,innova,hiace,hilux,highlander,fortuner,estima,dyna,corolla,comfort,coaster,camry,calya,commodore,crewman,cruze,drover,epica,frontera,gemini,gts,jackaroo,kingswood,limited edition,monaro,monterey,nova,one tonner,piazza,premier,rodeo,scurry,shuttle,special,standard,statesman,suburban,sunbird,tigra,torana,ute,vectra,viva,zafira,cayman,boxster,panamera,cayenne,macan,911,356,912,914,Spyder,918,924,928,930,944,959,968,964,993,996,997,991,80,50,100,200,Quattro,Coupe GT,Sport,sport quattro,cabriolet,a8,a4,a3,a6,Duo,TT,A2,Roadster,TDI,s8,s6,s4,s3,Rs,TTS,avant,quartz,Al2,rosemeyer,avantissimo,balilla,ardita,topolino,spider,tv spider,multipla,coupe vignale,berlina abarth,nuova,giardiniera,estate,saloon,rally,opera,mirafiori,abarth,ritmo,campagnola,supermirafiori,strada,abarth volumetrico,x1/9,regata,uno,panda,fiorino,argenta,croma,cinquecento,punto,brava,bravo,ulysse,palio,marea,weekend,seciento,doblo,town car,versailles,premiere,capri,lido,navigator,mkc,continental,mkz,sprinter,rampage,ramcharger,ram,nitro,dakota,caravan,journey,wayfarer,viper,victory,st regis,stratus,stealth,spirit,shadow,raider,polara,omni,neon,monaco,meadowbrook,matador,magnus,lancer,intrepid,diplomat,demon,dart,coronet,conquest,colt,caliber,avenger,aspen,aries,880,600,440,400,330,challenger,catera,deville,allante,eldorado,fleetwood,coupe de ville,cimarron,seville,escalade,ct6,xts,cts,ats,venga,amanti,opirus,spectra,combi,retona,credos,sephia,capital,concord,pride,brisa,niro,granbird,sportage,sorento,mohave,carnival,carens,pregio,stonic,stinger,soul,rio,ray,picato,picano,magentis,optima,quoris,k9,forte,cee'd,k7,cadenza,veracruz,terracon,trajet,grace,galloper,entourage,tucson,porter 2,santa fe,stellar,santamo,pony,marcia,matrix,lavita,click,getz,genesis,scoupe,equus,excel,dynasty,santro,atos,xcent,veloster,sonata,mistra,140,130,120,i10,azera,stilo,albea,idea,sedici,grande,linea,freemont,tipo,mobi,argo,alto,ciaz,lapin,wagon r,solio,swift,sx4,baleno,ignis,kizashi,every,every landy,ertiga,landy,apv,jimny,escudo,carry,hustler,aerio,liana,cappuccino,cervo,cultus,equator,fronte,kei,mighty boy,mr wagon,palette,splash,twin,x 90,xl7,daewoo,forenza,reno,verona,fun,dat,datsun,patrol,safari,skyline,pulsar,maxima,prairie,ad,atlas,mcra,micra,sentra,pathfinder,ininiti,terrano,urvan,serena,altima,cube,elgrand,navara,frontier,interstar,platina,sylphy,x trail,murano,teana,armada,fuga,lafesta,titan,not,otti,clipper,latio,qashqai,rogue,versa,gt r,370z,leaf,nv200,juke,dayz,roox,kicks,bluebird,caball,fairlady,cedric,floria,sunny,prince royal,homy,c80,r380,laurel,cherra,stanza,violet,vanette,gazelle,multi,leopard,pintara,primera
automotive,radiator cap
automotive,water pump
automotive,a Nissan,nissan
automotive,cruise control
automotive,a Subaru,Subaru
automotive,canister vent valve solenoid
automotive,transmission fluid
automotive,battery cable
automotive,brake rotor
automotive,bushings
automotive,to test drive a vehicle,test drive,test drive car,test drive a car,test drive a truck,test drive a trailer,test drive an rv,test drive motorcycle
automotive,a Chevorlet,Chevorlet,Chevy
automotive,batteries
automotive,air pump
automotive,a four wheeler,four wheeler
automotive,motor mount
automotive,a car
automotive,wheel
automotive,window lift motor
automotive,door handle
automotive,exhaust
automotive,thermostat
automotive,piston
automotive,battery terminal
automotive,seats
automotive,flat tires
automotive,a Hyundai,hyundai
automotive,vehicle type,mobile home,trailer,recreational vehicle,rv,freight truck,semi truck,station wagon,sedan,coupe,van,suv,four wheeler,dirk bike,motorcycle,truck,car
automotive,mass air flow sensor
automotive,grille
automotive,electrical connectors
automotive,a semi truck,semi truck
automotive,relays
automotive,canister purge valve
automotive,gaskets
automotive,a Mercedes-Benz,mercedes benz,mercedes,mercedes-benz
automotive,belts
automotive,engine coolant leak
automotive,ignition
automotive,exhaust manifold
automotive,crankshaft position sensor
automotive,body parts
automotive,bad transmisison
automotive,broken windshield
automotive,a Volkswagen,Volkswagen,VW
automotive,vacuum pump
automotive,idler pulley
automotive,a Range Rover,Range Rover
automotive,cylinder
automotive,sensors
automotive,cv axle
automotive,windshield wipers
automotive,fuses
automotive,levers
automotive,master cylinder
automotive,door
automotive,flat tire
automotive,hood
automotive,automatic
automotive,water hose
automotive,headlight
automotive,horn
automotive,pulleys
automotive,a Cadillac,cadillac
automotive,car accident
automotive,a Bently,Bentley
automotive,transmission seal
automotive,cracked radiator
automotive,a Audi,audi
automotive,brake caliper
automotive,emission
automotive,a coupe,coupe
automotive,filters
automotive,to get a lyft,a lyft
automotive,oil filter
automotive,bent wheel shaft
automotive,transmission control solenoid
automotive,lamps
automotive,tire cleaner
automotive,exhaust pipe
automotive,exhaust flange gasket
automotive,straps
automotive,a limo,limo,limousine
automotive,tire
automotive,battery tray
automotive,a Lincoln,Lincoln
automotive,a Mazda,mazda
automotive,transmission filder
automotive,a Buick,Buick
automotive,a motorcycle,motorcycle
automotive,stalling engine
automotive,wipers
automotive,a geep,geep
automotive,a McLaren,McLaren
automotive,pump
automotive,idle air control valve
automotive,clutch slave cylinder
automotive,key fob
automotive,light bulbs
automotive,XC 90
automotive,tail light
automotive,a Volvo,Volvo
automotive,a Lexus,lexus
automotive,model,Jeep,BMW,Ford,Volvo,Toyota,Mitsubishi,Chevrolet,Buick,Jaguar,Volkswagen,Mercedes-Benz,Honda,Subaru,Bentley,McLaren,Land Rover,Range Rover,Chrysler,GMC,Ram,Tesla,Lincoln,Dodge,Cadillac,Kia,Hyundai,Acura,Lexus,Mazda,Nissan,Suzuki,Fiat,Audi,Porsche,Holden
automotive,hood latch kit
automotive,wiper blade
automotive,clutch
automotive,a Suzuki,suzuki
automotive,ignition switch
automotive,bumper
automotive,headlamps
automotive,auto body
automotive,a dirt bike,dirt bike
automotive,wheel nut
automotive,fluid cap
automotive,a Jeep,Jeep
automotive,window
automotive,engine coolant
automotive,transmission mount
automotive,a Ford,Ford
automotive,to shop for a vehicle,buy a motorcycle,buy a tractor,buy an suv,buy a van,buy a truck,buy a car,truck shopping,car shopping,rv shopping,motorcycle shopping,I want to shop for a vehice,shop for a vehicle,I need a new car,new truck,new motorcyle,new bike,used car,used truck,used rv,used motorcyle,shop for a car,shop for a truck,shop for a motorcycle,shop for an rv,shop for a rc,shop for a moped,shop for trucks,shop for cars,shop for motorcycles,shop for sedans,shop for coupes,shop for vans,shop for suvs,shop for a van,shop for an suv
automotive,muffler
automotive,circuit breakers
automotive,a Jaguar,Jaguar
automotive,oil
automotive,remote
automotive,a Ferrari,ferrari
automotive,spark plug
automotive,u joint
automotive,a truck,truck
automotive,overheating engine
automotive,voltage requlator
automotive,clutch master cylinder
automotive,cv
automotive,wireset
automotive,manual
automotive,a trailer,trailer
automotive,radiator
automotive,collision
automotive,gas,ran out of gas,diesel,gasoline,octane gasoline,gas
automotive,suspension
automotive,wiper fluid
automotive,hose
automotive,starter
automotive,a sedan,sedan
automotive,to get an uber,uber,an uber near me,an uber
automotive,throttle position sensor
automotive,a Acura,acura
automotive,a moped,moped
automotive,handles
automotive,engine control computer
automotive,fuel leak
automotive,pumps
automotive,a Fiat,fiat
automotive,wheel cylinder
automotive,a/c heater blower motor
automotive,cables
automotive,coolant temperature sensor
automotive,a Ram,Ram
automotive,a Mitsubishi,Mitsubishi
automotive,fuel filter
automotive,a/c compressor
automotive,hoses
automotive,parts/supplies for your vehicle,sensors,sensor,gaskets,gasket,filter,filters,vacuum pump,smog pump,air pump,idle air control valve,mass air flow sensor,throttle position sensor,engine control computer,speed sensor,camshaft position sensor,coolant temperature sensor,crankshaft position sensor,engine starter,wax,turtle wax,tire cleaner,cap,relay,fuse,door,bumper,parts for my vehicle,sedan parts,coupe parts,van parts,dirk bike parts,trailer parts,motorcycle parts,truck parts,rv parts,rv supplies,motorcycle supplies,truck supplies,car supplies,wiper fluid,power steering fluid,car parts,wipers,oil,synthetic oil,transmission fluid,antifreeze,spare tire,lug nuts,flasher,fuses,relays,head light lightbulbs,light bulbs for my car,brake pads,windshield wipers,parst,parts,battery,alternator,battery cable,voltage regulator,battery tray,solenoid switch,ignition switch,brake rotor,brake caliper,brake drum,brake shoes,master cylinder,wheel cylinder,headlight,lift support,mirror,tail light,door lock actuator,motor mount,window lift motor,door handle,cables,straps,bushings,exhaust,headlamp,hood,grille,hood latch,knobs,levers,handles,lighting sockets,lamps,lamp assemblies,collision,seats,suspension,drivetrain,water pump,a/c compressor,hose,belt,a/c heater blower motor,radiator,thermostat,resistor,radiator cap,cv axle,u joint,clutch slave cylinder,transmission filter,wheel nut,transmission control solenoid,clutch,transmission seal,wheel stud,transmission mount,clutch master cylinder,speedometer,cruise control,flywheel,cv,circuit breakers,dome lights,oil pressure switch,oxygen sensor,muffler,catalytic converter,exhaust pipe,exhaust flange gasket,exhaust manifold gasket,exhaust manifold,canister purge valve,canister vent valve solenoid,pcv valve,egr valve
automotive,oil leak
automotive,a suv,suv
automotive,gas cap
automotive,drive shaft
celebration,festival,festival
celebration,bachelorette party,bachelorette
celebration,carnival
celebration,birthday
celebration,tea party
celebration,birthday party,birthday
celebration,mardi gras
celebration,anniversary party
celebration,holiday party
celebration,bachelor party
celebration,karaoke party
celebration,toga party
celebration,easter party
celebration,party
celebration,barmitzvah
celebration,light show
celebration,rave
celebration,mixer
celebration,halloween party
celebration,game night
celebration,social
celebration,housewarming party
celebration,club
celebration,holiday,presidents day,veterans day,memorial day,mothers day,fathers day,april fools,st patricks day,saint patricks day,winter solstice,winder solstice,summer solstice,thanksgiving,new years day,new years eve,valentines day,halloween,christmas
celebration,wine tasting
celebration,frat party
celebration,meeting
celebration,celebration
celebration,kids party,childrens party
celebration,adult party
celebration,cocktail party
celebration,sleepover
celebration,bottle service
celebration,pool party
celebration,graduation party
celebration,office party
celebration,dance party,dancing party
celebration,batmitzvah
celebration,gathering
celebration,baby shower
celebration,wedding
celebration,anniversary
celebration,pizza party
celebration,dinner party
celebration,costume party
celebration,viewing party
celebration,business grand opening,business grand opening,grand opening
celebration,conference
food,fruit,pomegranate,apples,apricots,avocados,bananas,bilberries,blackberries,blackcurrant,blueberries,boysenberries,currant,cherries,cherimoya,cloudberries,coconuts,cranberries,cucumber,dates,dragonfruit,elderberries,figs,goji berries,gooseberries,grapes,raisins,grapefruit,guava,honeyberries,huckleberries,jackfruit,jujube,juniper berries,kiwi,kumquats,lemons,limes,mangos,marionberries,melon,cantaloupes,honeydew,watermelons,miracle fruit,mulberries,nectarines,olive,black olives,green olives,oranges,blood oranges,clementines,mandarines,tangerines,papayas,passionfruit,peaches,pears,plums,prunes,pineapples,plumcots,pomegranates,raspberries,salmonberries,salal berries,star fruit,strawberries
food,cui
food,hand tossed crust,hand tossed
food,macaroni and cheese
food,japanese food,japanese cuisine
food,irish cuisine,irish food
food,macaroni
food,restaurant reservations,food reservatinos,reservations,reserve a table,restaurant table reservations
food,indian cuisine,indian food
food,italian cuisine,italian food
food,chinese food,chinese cuisine
food,middle eastern cuisine,middle eastern food
food,french cuisine,french style food,french food
food,making a grocery list,ingredients,grocery list,groceries list,food list
food,curry
food,your meal/recipe,find a recipe,finding a recipe,recipe,recipe help,recipe tricks,meal help,ingredient substitution,meal tricks,cooking instructions,ingredients
food,pan crust
food,grocery delivery,groceries delivery,deliver groceries,deliver my groceries,groceries delivered
food,bagels
food,ordering a pizza,pizza pie,pizza,pizza delivery,pizza pie delivery
food,meals,crutons,salads,green beans,corn,corn on the cob,country fried steak,country fried chicken,mashed potato,baked potatoes,crackers,cheese bread,naan,flatbread,casseroles,soups,scone,bread sticks,bread loaf,fondu,cheese,pudding,salmon fillet,clams,cheeseburger helper,hamburger helper,mac and cheese bake,macaroni and cheese,breakfast bake,garlic knots,quiche,croissant,nachos,pot pie,roll,rolls,pastry,egg tarts,deviled eggs,tortilla chips,burritos,tortilla,breakfast pizza,cinnamon rolls,stuffed mushrooms,tacos,steamed rice,rice,tater tots,cheeseburgers,buns,curly fries,waffle fries,root beer float,dessert,pies,apple crumble,apple pie,pie,cakes,cupcakes,muffins,funnel cake,fried fish,fish,fish fillets,fried chicken,buffalo,goose,duck,shrimp linguine,curry,bean sprouts,hibachi,sushi,buffalo wings,wings,chicken fingers,popcorn,linguine,sub,lasagna,appetizer,salad,hamburger,burger,seafood platter,chili,bbq,smoked ham,pork and beans,jambalaya,shrimp alfredo,meatloaf,macaroni,quesadilla,taco,soup,pasta,fettuccine,popcorn chicken,popcorn shrimp,corn dogs,pancakes,biscuits,gravy,stuffed peppers,burrito,casserole,salsa,guacamole,french fries,mashed potatoes,stir fry,fried rice,lo mein,sesame chicken,egg roll,california roll,spring roll,dumplings,pot stickers,rice noodles,crab rangoon,egg drop soup,ramen,donuts,cake,pastries,crab,lobster,shrimp,shrimp fettuccine,alligator tail,hamburgers,cheesburger,cheeseburger,cashew chicken,chicken nuggets,fish fillet,salmon,oyster,clam,okra,fried okra,mashed potatos,fries,sundae,ice cream,popsicle,chicken,pulled pork,bbq sandwich,sandwich,meatball sub,pizza,coleslaw,waffles,waffle,pancake,breakfast,lunch,dinner,supper,eggs,hashbrowns,sausage,bacon,cupcake,muffin,blueberry muffin,monkey bread,banana bread,french toast,turkey,ham,stew
food,other food,cake,icing,flavoring,vanilla extract,starch,waffles,pancakes,lasagna,sauces,jelly,jam,jambalaya,jerky,breading,hummus,ground beef,ground pork,burger,hot dog,hash browns,crackers,graham crackers,grits,gumbo,granola,duck,goose,french toast,fondu,falafel,eel,muffins,chip,dip,ramen,curry,frozen veggies,frozen food,eggs,turkey breast,chicken breast,ribs,tenderloin,hamburger helper,mac and cheese,macaroni,cashews,cashew,chestnut,mushroom,pecan,walnut,walnuts,chestnuts,stew,soup,mushrooms,pecans,nutella,honey,wheat,rice,barley,flour,pasta,spaghetti,noodles,rice noodles,flour noodels,egg noodles,egg,beef,pork,bacon,meat,fish,shrimp,lobster tail,crab legs,ham,turkey,lunch meat,chicken,bread,oats,oat meal,corn starch,sugar,butter,peanut butter,cheese,dairy,yogurt,string cheese,sliced cheese,pasta noodles,chocolate,white chocolate,candy,lolipop,sucker,airheads,gum,warheads,fun dip,flour noodles,bread sticks,hamburger buns,hot dogs,hot dog buns,cereal,soups,condensed soup,cream of mushroom,sweet corn,chicken noodle soup,coffee beans,coffee grounds,pretzels,chips,potato chips,veggie chips,cheetos,lays,sour cream and onion,salt and vinegar,baked chips,balogna,provologne,swiss,cheddar,american cheese,smoked cheddar,ketchup,salsa,mayo,hot sauce,soy sauce,mustard,mayonnaise,tartar sauce,sauce,sushi,mac n cheese,shells and cheese,seafood,produce,tortilla,tortillas,crepes,boba,jello,gogurt,yoplait
food,thin crust
food,cuisine,steakhouse,Italian,French,European,Southern,Creole,Sushi,Japanese,Chinese,American,Irish,Scottish,British,Middle Eastern,Indian,italian cuisine,french cuisine,european cuisine,southern cuisine,creole cuisine,japanese cuisine,chinese food,chinese cuisine,american food,american cuisine,irish cuisine,irish food,scottish cuisine,scottish food,british food,british cuisine,middle eastern food,middle eastern cuisine,indian food,indian cuisine,italian food,french food,european food,southern food,creole food,japanese food
food,american cuisine,cheese burgers,hamburgers,american food
food,vegetables,water chestnuts,yams,sweet potatoes,potatoes,tomatoes,spaghetti squash,pumpkins,cucumber,zucchini,banana squash,butternut squash,butternut,acorn squash,squashes,white radishes,horseradish,wasabi,radishes,parsnips,turnips,ginger,rhubarb,banana peppers,cayenne peppers,tabasco peppers,paprika,habaneros,jalapenos,chili peppers,sweet peppers,bell peppers,red peppers,green peppers,peppers,scallions,green onions,shallots,onions,leek,garlic,chives,okra,spinach,nettles,mustard greens,mushrooms,corn,lettuce,kale,thyme,sage,rosemary,parsley,oregeno,marjoram,lemon grass,lavender,dill,chamomile,cilantro,caraway,basil,anise,spices,herbs,fennel,endive,collard greens,chard,celery,cauliflower,carrots,cabbage,brusselsprouts,broccoli,broccoflower,bok choy,beets,snap peas,peas,soy beans,split peas,runner beans,pinto beans,navy beans,mung beans,lima beans,lentils,kidney beans,green beans,chickpeas,broad beans,borlotti beans,black eyed peas,beans,black beans,leguems,asparagus,artichokes,arugula,eggplant,azuki beans
food,southern cooking,southern cuisine,southern food
food,ordering takeout,takeout,order takeout,food delivery,restaurant delivery,takeout delivery
food,drinks,chai tea,latte,cappuccino,sweet tea,gatorade,water,milk,juice,coffee,soda,tea,beer,alcohol,root beer,mountain dew,dr pepper,coke,coca cola,pepsi,sprite,powerade,energy drink
food,your groceries,where to shop for groceries,find cheap groceries,cheap groceries,where to buy groceries,grocery list help,grocery list,planning grocery list,deliver my groceries,grocery delivery,groceries delivery,chips,snacks,veggies,fruits,fruit,vegetables,deliver groceries,groceries,groceries to be delivered,groceries need to be delivered
food,deep dish style crust,deep dish crust,deep dish
food,cupcakes
food,scottish cuisine,scottish food
food,grocery shopping,shopping for groceries,grocery shopping,cheap groceries,cheapest place to shop for groceries,shop for groceries
food,toppings,bacon,bbq sauce,anchovies,artichokes,green peppers,jalepenos,bell peppers,pineapple,mushrooms,chicken,pork,sausage,hamburger,ham,pepperoni,extra cheese,garlic,onion,black olives,olives
food,creole
food,mac and cheese
food,european cuisine,european food
food,crust style,hand tossed,hand tossed crust,thin,pan,deep dish,pan crust,thin crust
health,common cold
health,hay fever
health,blood donor
health,myopia
health,weight disorder
health,herpes
health,cancer
health,eye doctor,optometrist
health,narcolepsy
health,pertussis
health,sars
health,lymphoma
health,spider bite
health,gynecologist
health,pediatrician
health,skin doctor
health,braces
health,hemochromatosis
health,fibromyalgia
health,dermatologist
health,testicles
health,ear doctor
health,cold sores
health,arthritis
health,surgery
health,poisonous
health,prescription,prescription medicine,prescription medication,prescription meds
health,adhd
health,migrain
health,headache
health,manic depression
health,urologist
health,diarrhea
health,nurse
health,std
health,hypertension
health,podiatrist
health,sore
health,sti
health,psychiatrist
health,hepatitis
health,cosmetologist
health,add
health,physiologist
health,otitis media
health,stroke
health,chronic
health,vomit
health,rheumatologist
health,bite
health,heart disease
health,doctor
health,muscular dystrophy
health,neonatologist
health,bug bite
health,toothbrush
health,allergies
health,fibroids
health,constipation
health,diet
health,therapist
health,over the counter,medicine,over the counter,over the counter meds,otc medicine,otc medication,otc meds,otc
health,irritable bowel syndrome
health,geneticist
health,candidiasis
health,high cholesterol
health,pregnant
health,x ray
health,oncologist
health,sinuses
health,baby
health,allergy doctor
health,swollen
health,endometriosis
health,twins
health,poison
health,pills
health,pain
health,insomnia
health,surgeon
health,ENT specialist
health,sick stomach
health,gallstones
health,whooping cough
health,food poisoning
health,internal medicine
health,asthma
health,lyme disease
health,pneumonia
health,crohn's disease
health,infant
health,bph
health,copd
health,neurology
health,cavity
health,chicken pox
health,fever
health,nurse practitioner
health,immunologist
health,ovaries
health,aids
health,parkinsons's disease
health,staph infection
health,specialist
health,cat scan
health,microbiologist
health,endocrinologist
health,anemia
health,dentist
health,dietitian
health,chiropractor
health,multiple sclerosis
health,plasma donation
health,anesthesiologist
health,tooth doctor
health,fracture
health,cardiology
health,health clinic
health,orthopedic
health,neurologist
health,scar
health,doctors note
health,lactose intolerance
health,meningitis
health,throat doctor
health,lupus
health,cardiologist
health,fatigue
health,neurosurgen
health,keukemia
health,HIV
health,flu
health,osteoporosis
health,bone marrow
health,sinus headache
health,venomous
health,infection
health,disease
health,astigmatism
health,influenza
health,toothpaste
health,broken bone
health,thyroiditis
health,swine flu
health,depression
health,pms
health,pelvic inflammatory disease
health,migraine
health,eye disorder
health,hospital
health,mri
health,health
health,obstetrician
health,sprain
health,heart doctor
health,oncology
health,chlamydia
health,swine flue
health,diabetes
health,dementia
health,eczema
health,graves' disease
health,massage therapist
health,menopause
health,cough
health,optometrist
health,bipolar disorder
health,stds
health,mental illness
health,jaundice
health,obesity
health,allergist
health,cartilage
health,emergency room
health,cataracts
health,scab
health,blood
health,deodorant
health,disorder
health,radiologist
health,anxiety
health,beauty
health,cystic fibrosis
health,autoimmune diseases
health,medication,medications,medicine,meds
health,makeup
health,epidemiologist
health,celiac disease
health,doctors appointment
home,some home/office repairs,insulation,drywall patch,office,show room,showcase,track lighting,lighting,electrical,house reparations,home reparations,office reparations,repair my office,office repair,fix up my office,fix up my house,fix up my home,fix my office,office repairs,home repairs,house repairs,house repair,home repair,fix my house,repair my home,leaky roof,leaking roof,new windows,window repair,new roofing,roof repair,door repair,leaking basement,basement flood,flooded floor,holes in the wall
home,lawncare,gardening,mowing,landscaping
home,stairs
home,farm
home,carpeting
home,to find a rental property,rental properties,rental houses,rental home,rental house,rental property,rental
home,building/land type,acreage,land plot,empty lot,empty property,open land,land,farm house,farmhouse,home,office building,house,farm
home,furniture
home,deck
home,land
home,to do some renovations,insulation,paint,basement,deck,patio,garage,extension,renovation,renovations,renovate,building extension,home extension,office extension,new carpet,new furniture,new drywall,paint job,new paint,new tiling,bathroom renovations,office renovations,home renovations,house renovations,stairs,elevator,holes in the wall
home,business
home,windows
home,shades
home,farm house
home,to find real estate listings,real estate,real estate listing,real estate listings
home,office
home,house
home,rental
home,lease
home,household
home,home
home,building
home,patio
home,landscaping
home,elevator
home,flooring
home,screen door
home,tiling
home,front door
home,garage door
home,blinds
home,window panes
home,sliding door
knowledge,teaching
knowledge,course
knowledge,primary school
knowledge,psychology
knowledge,professor
knowledge,courses
knowledge,college classes
knowledge,english
knowledge,subjects,statistics,computer sciences,information technology,industrial technology,engineer,sound engineer,musical productions,health,medical practices,engineering,architecture,US history,history,chemistry,biology,anatomy,creative writing,IT,english,computer science,programming,geometry,algebra,personal finance,marketing,finances,science,math,electrical engineering,home science,psychology,art,dance,musicals
knowledge,class
knowledge,online college
knowledge,classes
knowledge,math
knowledge,electrical engineering
knowledge,medicinal practices
knowledge,community college
knowledge,dance
knowledge,school,kindergarten,elementary school,grade school,junior high,community college,college,senior,twelfth grade,junior,eleventh grade,sophmore,tenth grade,freshman,ninth grade,eight grade,seventh grade,sixth grade,fifth grade,fourth grade,third grade,second grade,first grade,middle school,highschool,high school
knowledge,college,community college
knowledge,anatomy
knowledge,private schooling
knowledge,biology
knowledge,lessons
knowledge,secondary school
knowledge,middle school
knowledge,degree,masters,phd,doctorate,associates,bachelors
knowledge,bio engineering
knowledge,personal finance
knowledge,sign up for college
knowledge,high school
knowledge,politivs
knowledge,history
knowledge,online class
knowledge,musicals
knowledge,science
knowledge,marketing
knowledge,trade school
knowledge,non profit college
knowledge,college courses
knowledge,private school
knowledge,art
knowledge,US History
knowledge,junior high school
knowledge,education
knowledge,finance class
knowledge,elementary school
knowledge,online schooling
knowledge,online courses
knowledge,for profit college
knowledge,electronics
knowledge,astronomy
knowledge,teacher
knowledge,chemistry
legal,food stamps
legal,checkings
legal,politics
legal,divorce
legal,contract
legal,attorney
legal,courthouse
legal,law firm
legal,trespassing
legal,law
legal,debit card
legal,assisted living
legal,repo
legal,restraining order
legal,savings
legal,lawsuit
legal,case worker
legal,banking
legal,jury
legal,social security
legal,court summons
legal,citation
legal,incarceration
legal,crime
legal,prison
legal,bank account
legal,financial assistance
legal,jury duty
legal,file taxes
legal,finances
legal,bank,First Midwest Bank,UMB,UMB Bank,Capital One,Bank of America,Wells Fargo Bank,Missouri Credit Union,Chase Bank,US Bank,landmark,Credit union
legal,bank loan
legal,ticket
legal,illegal
legal,probation
legal,bank statement
legal,city ordinance
legal,legal obligations
legal,file a lawsuit
legal,auto insurance
legal,business
legal,violation
legal,ordinance
legal,trial
legal,jail
legal,defendant
legal,loan
legal,murder
legal,reposition
legal,legal assistance
legal,work
legal,checks
legal,insurance
legal,legal penalty
legal,notice
legal,legal investigation
legal,legal field,tax law,tax,intellectual property,immigration law,health law,immigration,health,labor law,labor,rights,education,education law,civil rights,sexual acts,automotive,theft,criminal law
legal,penitentiary
legal,medicare
legal,credit card
legal,sexual crime
legal,home insurance
legal,legal
legal,financial officer
legal,taxpayer
legal,felon
legal,taxes
legal,health insurance
legal,prosecutor
legal,lawyer
misc,worker
misc,jeweler
misc,preformer
misc,cashier
misc,pet sitter
misc,repairs
misc,marketer
misc,mechanic
misc,comedian
misc,lawncare
misc,chef
misc,magician
misc,artist
misc,catering,food catering service,catering,meal catering
misc,electrician
misc,engineer
misc,services
misc,watch repair
misc,butler
misc,photography,professional photos,professional pictures,professional photographer,photos,photo service,picture booth,pictures,photography service,picture service,photographer
misc,nanny
misc,entertainment
misc,architect
misc,jewelry repair
misc,instructor
misc,entertainer
misc,housekeeper
misc,advertiser
misc,appraiser
misc,concierge
misc,bounce house
misc,show
misc,babysitting
misc,music
misc,landscaping
misc,musical
misc,manager
misc,veterinarian
misc,clock repair
misc,technician
negatives,to do list
negatives,highlight events
negatives,verify appearance,verify an appearance
negatives,daily itinerary
negatives,event reminder
negatives,proofread
negatives,verify meeting,verify a meeting
shopping,desk
shopping,cups
shopping,a jigsaw
shopping,nail
shopping,arts and crafts
shopping,lined paper
shopping,conditioner
shopping,pistol
shopping,office furniture
shopping,shop
shopping,household supplies,houlse supplis,household supplies,supplies for home,supplies for my house
shopping,a washer,washer
shopping,candles
shopping,signs
shopping,screw
shopping,forks
shopping,jewelry
shopping,office desk
shopping,pins
shopping,permanent markers
shopping,plates
shopping,bookshelf
shopping,folders
shopping,cleaning supplies,supplies to use for cleaning,supplies so i can clean,supplies for cleaning
shopping,a tailor,alterations,alteration,tailoring
shopping,office supplies,supplies for my cubicle,supplies for my desk,supplies for my office,supplies for the office
shopping,help comparing shops/stores,compare some shops,compare some stores,compare two stores,compare two shops,compare shops and stores,compare stores,compare shops
shopping,headphones
shopping,brush
shopping,bath bombs
shopping,ads
shopping,action figures
shopping,envelopes
shopping,tools,square,ruler,level,bubble level,compass,calipers,heat gun,soldering gun,dolly,trowel,chisel,c clamp,hydraulic press,press,shears,ratchet,hole digger,scythe,pick axe,pick,spade,bulb planter,staple gun,sanding block,mallet,awl,undercut saw,miter saw,sander,orbital sander,detail sander,belt sander,planer,hedge trimmer,grinder,angle grinder,vice grips,clamps,power tools,tool box,lawn mower,hoe,dirt tiller,weed eater,leaf blower,rake,shovel,axe,chainsaw,saw,jigsaw,hex key,allan key,adjustable wrench,nuts,bolts,wire,wire strippers,wire cutters,needle tip pliers,pliers,vice,ultrasonic,file,rotary saw,nail gun,drill,nails,screws,wrench,socket wrench,monkey wrench,dremel,rotary dremel,router,table saw,flat head,screw driver,hammer
shopping,a tablesaw
shopping,sticky notes
shopping,puzzles
shopping,clock
shopping,someone to accompany you while you shop,accompany me while I shop,shopping helper,help with shopping,shopping guide,shopping accompaniment,accompanied shopping,shopping assistance,shopping personal assistance
shopping,scotch tape
shopping,guns,rifle,pistol,piston,firearms
shopping,a screwdriver
shopping,packing tape
shopping,a hammer
shopping,phones,lg,htc,samsung,android,iphone,apple,flip phone,smart phone
shopping,push pins
shopping,pliers
shopping,gle
shopping,hardware store
shopping,cds
shopping,a lawnmower
shopping,legos
shopping,boxes
shopping,puzzle
shopping,bubble mailers
shopping,antique mall
shopping,glasses
shopping,records
shopping,work supplies,work space supplies,workspace supplies,supplies for my workspace
shopping,a dremel
shopping,appliances,freezer,fridge,oven,stove,microwave,dishwasher,dryer,washer,washerr
shopping,help locating a shop,locating a store,finding a store,locate store,locate shop,find shoppe,find store,find shop,finding a shop,find a store,find a shop,locate a shop,locate a store
shopping,shoppe
shopping,a leafblower
shopping,toiletries
shopping,tool
shopping,pencils
shopping,colored pencils
shopping,software
shopping,napkins
shopping,toothbrush
shopping,alligator clips
shopping,glue
shopping,socket wrench
shopping,comic books
shopping,scissors
shopping,file folders
shopping,supplies,glue gun,glue,shaving cream,razor,facial wash,makeup,deodorant,shampoo,conditioner,body wash,hairspray,brush,comb,tape measure,ruler,construction paper,pen refill,lead,pencil sharpeners,lamp,dry erase marker,permanent marker,colored marker,markers,marker,pen,pencil,erasers,clips,staplers,paperclips,sticky notes,art supplies,bottle,bowl,Tupperware,basket,drawer,speakers,light bulbs,seed pods,seeds,mouth wash,tooth paste,tooth brush,toiletries,toilet paper,soap,light bulb,file folder,accordion folder,accordion binder,organizer,binders,folders,paint brush,paint brushes,watercolor paint,paint,wood stain,toilet cleaner,dust pan,broom,swiffer,mop,dryer sheets,detergent,window cleaner,windex,bleach,wash cloths,sponges,scissors,whiteout,scotch tape,packing tape,masking tape,tape,pencil lead,pencil sharpener,pencil sharper,eraser,chalk,crayons,permanent markers,colored markers,colored pencils,pencils,pens,alligator clips,stick notes,note pad,paper,paper clips,staples,stapler,lawn care supplies,gardening supplies,tech supplies,shop supplies,woodshop supplies,workbench supplies,outdoor supplies,household supplies,school supplies,work supplies,office supplies,cleaning supplies,cups,cup,plates,kitchenware,bowls,silverware,paper plates
shopping,pens
shopping,alcohol
shopping,bracelet
shopping,hardware
shopping,a shovel
shopping,spoons
shopping,a rake
shopping,a fridge,fridge
shopping,grid paper
shopping,beads
shopping,toothpaste
shopping,wood
shopping,laptops
shopping,nail gun
shopping,wrapping paper
shopping,cd
shopping,advertisements
shopping,a microwave,microwave
shopping,rifle
shopping,furniture,book shelf,file cabinet,cabinet,file cabinent,night stand,dresser,work desk,dinner table,table,desk,futon,bed frame,bed,recliner,chair,couch
shopping,fishing lures
shopping,woodshop supplies
shopping,a dryer,dryer
shopping,speakers
shopping,silverware,knife,butter knife,spoons,forks
shopping,thrift shop
shopping,outdoor/lawn care supplies
shopping,a stove,stove
shopping,file cabinent
shopping,stuffed animals
shopping,dresser
shopping,deodorant
shopping,tweezers
shopping,whiteout
shopping,markers
shopping,store
shopping,a dishwasher,dish washer,dishwasher
shopping,school supplies,supplies to use during school,supplies to use at school,back to school supplies,supplies for school
shopping,book store
shopping,note pad
shopping,computers
shopping,combs
shopping,paper
shopping,paper shredder
shopping,toys,legos,action figures
shopping,a rotary saw
shopping,firearm
shopping,glue sticks
shopping,stapler
shopping,watch
shopping,coupons
shopping,sheets
shopping,thrift store
shopping,tape
shopping,shampoo
shopping,nails
shopping,books
shopping,screws
shopping,necklace
shopping,paperclips
sports_leisure,swim
sports_leisure,volleyball
sports_leisure,life
sports_leisure,read
sports_leisure,family game night
sports_leisure,kayaking
sports_leisure,Chinese checkers
sports_leisure,walk
sports_leisure,movie
sports_leisure,ps2
sports_leisure,fishing,fly fishing
sports_leisure,finger knitting
sports_leisure,ps4
sports_leisure,track
sports_leisure,cheerleading
sports_leisure,pottery
sports_leisure,rc racing
sports_leisure,boxing
sports_leisure,gaming system,arcade machine,kinect,dsi,ds lite,2ds,3ds,nintendo,ds,sega genesis,gamecube,wii,xbox 360,xbox one,xbox,ps2,play station,ps3
sports_leisure,board games,kerplunk,backgammon,chinese checkers,checkers,chess,connect four,monopoly,life,sorry
sports_leisure,exploring,cave explorin
sports_leisure,bmx
sports_leisure,boating
sports_leisure,game night
sports_leisure,golfing
sports_leisure,snow shoeing
sports_leisure,checkers
sports_leisure,bobsleigh
sports_leisure,swimming
sports_leisure,hockey
sports_leisure,relax
sports_leisure,eat
sports_leisure,gigging
sports_leisure,playstation 4
sports_leisure,game
sports_leisure,movie night
sports_leisure,dodgeball
sports_leisure,mudding
sports_leisure,marathon
sports_leisure,pole vault
sports_leisure,hunting
sports_leisure,playstation 2
sports_leisure,wrestling
sports_leisure,gymnastics
sports_leisure,ice skating
sports_leisure,car racing
sports_leisure,crochetin
sports_leisure,football
sports_leisure,xbox one
sports_leisure,ps3
sports_leisure,roller blading
sports_leisure,smoke
sports_leisure,nascar
sports_leisure,knitting
sports_leisure,skateboarding
sports_leisure,play station
sports_leisure,camp
sports_leisure,skate boarding
sports_leisure,arcade
sports_leisure,running
sports_leisure,camping
sports_leisure,racing
sports_leisure,walking
sports_leisure,knit
sports_leisure,skating
sports_leisure,airsoft
sports_leisure,television
sports_leisure,basketball
sports_leisure,lacrosse
sports_leisure,xbox
sports_leisure,scootering
sports_leisure,take a nap
sports_leisure,tennis
sports_leisure,chess
sports_leisure,play music
sports_leisure,autocross
sports_leisure,gaming
sports_leisure,dirt biking
sports_leisure,frog hunting
sports_leisure,sorry
sports_leisure,vape
sports_leisure,mountain biking
sports_leisure,bowling
sports_leisure,race
sports_leisure,bmxing
sports_leisure,hop scotch
sports_leisure,archery
sports_leisure,xbox 360
sports_leisure,acrobatics
sports_leisure,snowboarding
sports_leisure,write
sports_leisure,bike
sports_leisure,video games,tony hawks underground,skate 3,skate 2,skate,warframe,battlefield,call of duty,call of dutry,destiny,skyrim
sports_leisure,weightlifting
sports_leisure,ballet
sports_leisure,monopoly
sports_leisure,playstation 3
sports_leisure,roller skating
sports_leisure,hiking
sports_leisure,games
sports_leisure,skateboard
sports_leisure,frisbee golf
sports_leisure,board game
sports_leisure,soccer
sports_leisure,clean
sports_leisure,tv show
sports_leisure,climbing
sports_leisure,sleep
sports_leisure,surfing
sports_leisure,biking
sports_leisure,skiing
sports_leisure,golf
sports_leisure,mma
sports_leisure,off terrain racing
sports_leisure,crochet
sports_leisure,canoeing
sports_leisure,dance
travel,package
travel,travel expenses,expenses for traveling,expenses to travel,traveling expense,traveling expenses,Travel Cost,Cost to travel,Analyze the cost of travel,cost of travel,expense of travel,finance traveling expenses,travel expense,travel expenses
travel,flight,airplane trip,ride an airplane,flights,airplane flight,airplane
travel,motel visit,motel
travel,mailer
travel,door mail
travel,jet plane
travel,travel methods
travel,hotel visit,hotel
travel,vacation
travel,car trip,car ride,car
travel,hostel visit,hostel
travel,jet
travel,cruise,cruise trip,cruise ride
travel,mail
travel,schedule travel,plan travel,scheduling for travel,travel scheduling,travel timeline
travel,bus ride,bus trip,bus
travel,train ride,train trip,train
